"Name"|"RequiredServices"|"CanPauseAndContinue"|"CanShutdown"|"CanStop"|"DisplayName"|"DependentServices"|"MachineName"|"ServiceName"|"ServicesDependedOn"|"ServiceHandle"|"Status"|"ServiceType"|"StartType"|"Site"|"Container"
"aciseagent"|"System.ServiceProcess.ServiceController[]"|"False"|"False"|"True"|"Cisco AnyConnect Secure Mobility ISE Posture Agent"|"System.ServiceProcess.ServiceController[]"|"."|"aciseagent"|"System.ServiceProcess.ServiceController[]"||"Running"|"Win32OwnProcess"|"Manual"||
"AdobeARMservice"|"System.ServiceProcess.ServiceController[]"|"False"|"False"|"True"|"Adobe Acrobat Update Service"|"System.ServiceProcess.ServiceController[]"|"."|"AdobeARMservice"|"System.ServiceProcess.ServiceController[]"||"Running"|"Win32OwnProcess"|"Automatic"||
"AJRouter"|"System.ServiceProcess.ServiceController[]"|"False"|"False"|"False"|"AllJoyn Router Service"|"System.ServiceProcess.ServiceController[]"|"."|"AJRouter"|"System.ServiceProcess.ServiceController[]"||"Stopped"|"Win32ShareProcess"|"Manual"||
"ALG"|"System.ServiceProcess.ServiceController[]"|"False"|"False"|"False"|"Application Layer Gateway Service"|"System.ServiceProcess.ServiceController[]"|"."|"ALG"|"System.ServiceProcess.ServiceController[]"||"Stopped"|"Win32OwnProcess"|"Manual"||
"AppHostSvc"|"System.ServiceProcess.ServiceController[]"|"True"|"True"|"True"|"Application Host Helper Service"|"System.ServiceProcess.ServiceController[]"|"."|"AppHostSvc"|"System.ServiceProcess.ServiceController[]"||"Running"|"Win32OwnProcess, Win32ShareProcess"|"Automatic"||
"AppIDSvc"|"System.ServiceProcess.ServiceController[]"|"False"|"False"|"False"|"Application Identity"|"System.ServiceProcess.ServiceController[]"|"."|"AppIDSvc"|"System.ServiceProcess.ServiceController[]"||"Stopped"|"Win32ShareProcess"|"Manual"||
"Appinfo"|"System.ServiceProcess.ServiceController[]"|"False"|"False"|"False"|"Application Information"|"System.ServiceProcess.ServiceController[]"|"."|"Appinfo"|"System.ServiceProcess.ServiceController[]"||"Stopped"|"Win32ShareProcess"|"Manual"||
"AppMgmt"|"System.ServiceProcess.ServiceController[]"|"False"|"False"|"False"|"Application Management"|"System.ServiceProcess.ServiceController[]"|"."|"AppMgmt"|"System.ServiceProcess.ServiceController[]"||"Stopped"|"Win32ShareProcess"|"Manual"||
"AppReadiness"|"System.ServiceProcess.ServiceController[]"|"False"|"False"|"False"|"App Readiness"|"System.ServiceProcess.ServiceController[]"|"."|"AppReadiness"|"System.ServiceProcess.ServiceController[]"||"Stopped"|"Win32ShareProcess"|"Manual"||
"AppVClient"|"System.ServiceProcess.ServiceController[]"|"False"|"False"|"False"|"Microsoft App-V Client"|"System.ServiceProcess.ServiceController[]"|"."|"AppVClient"|"System.ServiceProcess.ServiceController[]"||"Stopped"|"Win32OwnProcess"|"Disabled"||
"AppXSvc"|"System.ServiceProcess.ServiceController[]"|"False"|"False"|"False"|"AppX Deployment Service (AppXSVC)"|"System.ServiceProcess.ServiceController[]"|"."|"AppXSvc"|"System.ServiceProcess.ServiceController[]"||"Stopped"|"Win32OwnProcess, Win32ShareProcess"|"Manual"||
"aspnet_state"|"System.ServiceProcess.ServiceController[]"|"False"|"False"|"False"|"ASP.NET State Service"|"System.ServiceProcess.ServiceController[]"|"."|"aspnet_state"|"System.ServiceProcess.ServiceController[]"||"Stopped"|"Win32OwnProcess"|"Manual"||
"AssignedAccessManagerSvc"|"System.ServiceProcess.ServiceController[]"|"False"|"False"|"False"|"AssignedAccessManager Service"|"System.ServiceProcess.ServiceController[]"|"."|"AssignedAccessManagerSvc"|"System.ServiceProcess.ServiceController[]"||"Stopped"|"Win32ShareProcess"|"Manual"||
"AudioEndpointBuilder"|"System.ServiceProcess.ServiceController[]"|"False"|"False"|"True"|"Windows Audio Endpoint Builder"|"System.ServiceProcess.ServiceController[]"|"."|"AudioEndpointBuilder"|"System.ServiceProcess.ServiceController[]"||"Running"|"Win32OwnProcess, Win32ShareProcess"|"Automatic"||
"Audiosrv"|"System.ServiceProcess.ServiceController[]"|"False"|"False"|"True"|"Windows Audio"|"System.ServiceProcess.ServiceController[]"|"."|"Audiosrv"|"System.ServiceProcess.ServiceController[]"||"Running"|"Win32OwnProcess"|"Automatic"||
"AxInstSV"|"System.ServiceProcess.ServiceController[]"|"False"|"False"|"False"|"ActiveX Installer (AxInstSV)"|"System.ServiceProcess.ServiceController[]"|"."|"AxInstSV"|"System.ServiceProcess.ServiceController[]"||"Stopped"|"Win32ShareProcess"|"Manual"||
"BDESVC"|"System.ServiceProcess.ServiceController[]"|"False"|"False"|"True"|"BitLocker Drive Encryption Service"|"System.ServiceProcess.ServiceController[]"|"."|"BDESVC"|"System.ServiceProcess.ServiceController[]"||"Running"|"Win32OwnProcess, Win32ShareProcess"|"Manual"||
"BFE"|"System.ServiceProcess.ServiceController[]"|"False"|"False"|"True"|"Base Filtering Engine"||"."|"BFE"|"System.ServiceProcess.ServiceController[]"||"Running"|"Win32ShareProcess"|"Automatic"||
"BITS"|"System.ServiceProcess.ServiceController[]"|"False"|"False"|"False"|"Background Intelligent Transfer Service"|"System.ServiceProcess.ServiceController[]"|"."|"BITS"|"System.ServiceProcess.ServiceController[]"||"Stopped"|"Win32ShareProcess"|"Manual"||
"BrokerInfrastructure"|"System.ServiceProcess.ServiceController[]"|"False"|"False"|"False"|"Background Tasks Infrastructure Service"||"."|"BrokerInfrastructure"|"System.ServiceProcess.ServiceController[]"||"Running"|"Win32ShareProcess"|"Automatic"||
"BthHFSrv"|"System.ServiceProcess.ServiceController[]"|"False"|"False"|"False"|"Bluetooth Handsfree Service"|"System.ServiceProcess.ServiceController[]"|"."|"BthHFSrv"|"System.ServiceProcess.ServiceController[]"||"Stopped"|"Win32ShareProcess"|"Manual"||
"bthserv"|"System.ServiceProcess.ServiceController[]"|"False"|"True"|"True"|"Bluetooth Support Service"|"System.ServiceProcess.ServiceController[]"|"."|"bthserv"|"System.ServiceProcess.ServiceController[]"||"Running"|"Win32OwnProcess, Win32ShareProcess"|"Manual"||
"CAF"|"System.ServiceProcess.ServiceController[]"|"False"|"False"|"False"|"Symantec CAF Service"|"System.ServiceProcess.ServiceController[]"|"."|"CAF"|"System.ServiceProcess.ServiceController[]"||"Stopped"|"Win32OwnProcess"|"Automatic"||
"camsvc"|"System.ServiceProcess.ServiceController[]"|"False"|"False"|"False"|"Capability Access Manager Service"|"System.ServiceProcess.ServiceController[]"|"."|"camsvc"|"System.ServiceProcess.ServiceController[]"||"Stopped"|"Win32OwnProcess, Win32ShareProcess"|"Manual"||
"CcmExec"|"System.ServiceProcess.ServiceController[]"|"False"|"True"|"True"|"SMS Agent Host"|"System.ServiceProcess.ServiceController[]"|"."|"CcmExec"|"System.ServiceProcess.ServiceController[]"||"Running"|"Win32OwnProcess"|"Automatic"||
"CDPSvc"|"System.ServiceProcess.ServiceController[]"|"False"|"False"|"True"|"Connected Devices Platform Service"|"System.ServiceProcess.ServiceController[]"|"."|"CDPSvc"|"System.ServiceProcess.ServiceController[]"||"Running"|"Win32OwnProcess, Win32ShareProcess"|"Automatic"||
"CDPUserSvc_1dde2e"|"System.ServiceProcess.ServiceController[]"|"False"|"False"|"True"|"Connected Devices Platform User Service_1dde2e"|"System.ServiceProcess.ServiceController[]"|"."|"CDPUserSvc_1dde2e"|"System.ServiceProcess.ServiceController[]"||"Running"|"240"|"Automatic"||
"CertPropSvc"|"System.ServiceProcess.ServiceController[]"|"False"|"True"|"True"|"Certificate Propagation"|"System.ServiceProcess.ServiceController[]"|"."|"CertPropSvc"|"System.ServiceProcess.ServiceController[]"||"Running"|"Win32OwnProcess, Win32ShareProcess"|"Automatic"||
"ClipSVC"|"System.ServiceProcess.ServiceController[]"|"False"|"True"|"True"|"Client License Service (ClipSVC)"|"System.ServiceProcess.ServiceController[]"|"."|"ClipSVC"|"System.ServiceProcess.ServiceController[]"||"Running"|"Win32OwnProcess, Win32ShareProcess"|"Manual"||
"CmRcService"|"System.ServiceProcess.ServiceController[]"|"False"|"True"|"True"|"Configuration Manager Remote Control"|"System.ServiceProcess.ServiceController[]"|"."|"CmRcService"|"System.ServiceProcess.ServiceController[]"||"Running"|"Win32OwnProcess"|"Automatic"||
"COMSysApp"|"System.ServiceProcess.ServiceController[]"|"False"|"False"|"False"|"COM+ System Application"|"System.ServiceProcess.ServiceController[]"|"."|"COMSysApp"|"System.ServiceProcess.ServiceController[]"||"Stopped"|"Win32OwnProcess"|"Manual"||
"CoreMessagingRegistrar"|"System.ServiceProcess.ServiceController[]"|"False"|"False"|"False"|"CoreMessaging"|"System.ServiceProcess.ServiceController[]"|"."|"CoreMessagingRegistrar"|"System.ServiceProcess.ServiceController[]"||"Running"|"Win32ShareProcess"|"Automatic"||
"cphs"|"System.ServiceProcess.ServiceController[]"|"False"|"False"|"True"|"Intel(R) Content Protection HECI Service"|"System.ServiceProcess.ServiceController[]"|"."|"cphs"|"System.ServiceProcess.ServiceController[]"||"Running"|"Win32OwnProcess"|"Manual"||
"cplspcon"|"System.ServiceProcess.ServiceController[]"|"False"|"False"|"True"|"Intel(R) Content Protection HDCP Service"|"System.ServiceProcess.ServiceController[]"|"."|"cplspcon"|"System.ServiceProcess.ServiceController[]"||"Running"|"Win32OwnProcess"|"Automatic"||
"CryptSvc"|"System.ServiceProcess.ServiceController[]"|"False"|"True"|"True"|"Cryptographic Services"|"System.ServiceProcess.ServiceController[]"|"."|"CryptSvc"|"System.ServiceProcess.ServiceController[]"||"Running"|"Win32OwnProcess, Win32ShareProcess"|"Automatic"||
"CscService"|"System.ServiceProcess.ServiceController[]"|"False"|"False"|"False"|"Offline Files"|"System.ServiceProcess.ServiceController[]"|"."|"CscService"|"System.ServiceProcess.ServiceController[]"||"Stopped"|"Win32ShareProcess"|"Manual"||
"DcomLaunch"|"System.ServiceProcess.ServiceController[]"|"False"|"False"|"False"|"DCOM Server Process Launcher"||"."|"DcomLaunch"|"System.ServiceProcess.ServiceController[]"||"Running"|"Win32ShareProcess"|"Automatic"||
"defragsvc"|"System.ServiceProcess.ServiceController[]"|"False"|"False"|"False"|"Optimize drives"|"System.ServiceProcess.ServiceController[]"|"."|"defragsvc"|"System.ServiceProcess.ServiceController[]"||"Stopped"|"Win32OwnProcess"|"Manual"||
"DeviceAssociationService"|"System.ServiceProcess.ServiceController[]"|"False"|"True"|"True"|"Device Association Service"|"System.ServiceProcess.ServiceController[]"|"."|"DeviceAssociationService"|"System.ServiceProcess.ServiceController[]"||"Running"|"Win32OwnProcess, Win32ShareProcess"|"Manual"||
"DeviceInstall"|"System.ServiceProcess.ServiceController[]"|"False"|"False"|"False"|"Device Install Service"|"System.ServiceProcess.ServiceController[]"|"."|"DeviceInstall"|"System.ServiceProcess.ServiceController[]"||"Stopped"|"Win32ShareProcess"|"Manual"||
"DevicesFlowUserSvc_1dde2e"|"System.ServiceProcess.ServiceController[]"|"False"|"False"|"False"|"DevicesFlow_1dde2e"|"System.ServiceProcess.ServiceController[]"|"."|"DevicesFlowUserSvc_1dde2e"|"System.ServiceProcess.ServiceController[]"||"Stopped"|"224"|"Manual"||
"DevQueryBroker"|"System.ServiceProcess.ServiceController[]"|"False"|"False"|"False"|"DevQuery Background Discovery Broker"|"System.ServiceProcess.ServiceController[]"|"."|"DevQueryBroker"|"System.ServiceProcess.ServiceController[]"||"Stopped"|"Win32ShareProcess"|"Manual"||
"Dhcp"|"System.ServiceProcess.ServiceController[]"|"False"|"True"|"True"|"DHCP Client"|"System.ServiceProcess.ServiceController[]"|"."|"Dhcp"|"System.ServiceProcess.ServiceController[]"||"Running"|"Win32OwnProcess, Win32ShareProcess"|"Automatic"||
"diagnosticshub.standardcollector.service"|"System.ServiceProcess.ServiceController[]"|"False"|"False"|"False"|"Microsoft (R) Diagnostics Hub Standard Collector Service"|"System.ServiceProcess.ServiceController[]"|"."|"diagnosticshub.standardcollector.service"|"System.ServiceProcess.ServiceController[]"||"Stopped"|"Win32OwnProcess"|"Manual"||
"diagsvc"|"System.ServiceProcess.ServiceController[]"|"False"|"False"|"False"|"Diagnostic Execution Service"|"System.ServiceProcess.ServiceController[]"|"."|"diagsvc"|"System.ServiceProcess.ServiceController[]"||"Stopped"|"Win32ShareProcess"|"Manual"||
"DiagTrack"|"System.ServiceProcess.ServiceController[]"|"False"|"True"|"True"|"Connected User Experiences and Telemetry"|"System.ServiceProcess.ServiceController[]"|"."|"DiagTrack"|"System.ServiceProcess.ServiceController[]"||"Running"|"Win32OwnProcess"|"Automatic"||
"DmEnrollmentSvc"|"System.ServiceProcess.ServiceController[]"|"False"|"False"|"False"|"Device Management Enrollment Service"|"System.ServiceProcess.ServiceController[]"|"."|"DmEnrollmentSvc"|"System.ServiceProcess.ServiceController[]"||"Stopped"|"Win32OwnProcess"|"Manual"||
"dmwappushservice"|"System.ServiceProcess.ServiceController[]"|"False"|"False"|"False"|"dmwappushsvc"|"System.ServiceProcess.ServiceController[]"|"."|"dmwappushservice"|"System.ServiceProcess.ServiceController[]"||"Stopped"|"Win32OwnProcess, Win32ShareProcess"|"Manual"||
"Dnscache"|"System.ServiceProcess.ServiceController[]"|"False"|"False"|"False"|"DNS Client"|"System.ServiceProcess.ServiceController[]"|"."|"Dnscache"|"System.ServiceProcess.ServiceController[]"||"Running"|"Win32OwnProcess, Win32ShareProcess"|"Automatic"||
"Dolby DAX2 API Service"|"System.ServiceProcess.ServiceController[]"|"False"|"False"|"True"|"Dolby DAX2 API Service"|"System.ServiceProcess.ServiceController[]"|"."|"Dolby DAX2 API Service"|"System.ServiceProcess.ServiceController[]"||"Running"|"Win32OwnProcess"|"Automatic"||
"DoSvc"|"System.ServiceProcess.ServiceController[]"|"False"|"False"|"False"|"Delivery Optimization"|"System.ServiceProcess.ServiceController[]"|"."|"DoSvc"|"System.ServiceProcess.ServiceController[]"||"Stopped"|"Win32OwnProcess, Win32ShareProcess"|"Manual"||
"dot3svc"|"System.ServiceProcess.ServiceController[]"|"False"|"False"|"False"|"Wired AutoConfig"|"System.ServiceProcess.ServiceController[]"|"."|"dot3svc"|"System.ServiceProcess.ServiceController[]"||"Stopped"|"Win32ShareProcess"|"Manual"||
"DPS"|"System.ServiceProcess.ServiceController[]"|"False"|"True"|"True"|"Diagnostic Policy Service"|"System.ServiceProcess.ServiceController[]"|"."|"DPS"|"System.ServiceProcess.ServiceController[]"||"Running"|"Win32OwnProcess, Win32ShareProcess"|"Automatic"||
"DsmSvc"|"System.ServiceProcess.ServiceController[]"|"False"|"False"|"False"|"Device Setup Manager"|"System.ServiceProcess.ServiceController[]"|"."|"DsmSvc"|"System.ServiceProcess.ServiceController[]"||"Stopped"|"Win32ShareProcess"|"Manual"||
"DsSvc"|"System.ServiceProcess.ServiceController[]"|"False"|"False"|"True"|"Data Sharing Service"|"System.ServiceProcess.ServiceController[]"|"."|"DsSvc"|"System.ServiceProcess.ServiceController[]"||"Running"|"Win32OwnProcess, Win32ShareProcess"|"Manual"||
"DusmSvc"|"System.ServiceProcess.ServiceController[]"|"False"|"False"|"True"|"Data Usage"|"System.ServiceProcess.ServiceController[]"|"."|"DusmSvc"|"System.ServiceProcess.ServiceController[]"||"Running"|"Win32OwnProcess"|"Automatic"||
"Eaphost"|"System.ServiceProcess.ServiceController[]"|"False"|"True"|"True"|"Extensible Authentication Protocol"|"System.ServiceProcess.ServiceController[]"|"."|"Eaphost"|"System.ServiceProcess.ServiceController[]"||"Running"|"Win32OwnProcess, Win32ShareProcess"|"Manual"||
"EFS"|"System.ServiceProcess.ServiceController[]"|"False"|"False"|"False"|"Encrypting File System (EFS)"|"System.ServiceProcess.ServiceController[]"|"."|"EFS"|"System.ServiceProcess.ServiceController[]"||"Stopped"|"Win32ShareProcess"|"Manual"||
"embeddedmode"|"System.ServiceProcess.ServiceController[]"|"False"|"False"|"False"|"Embedded Mode"|"System.ServiceProcess.ServiceController[]"|"."|"embeddedmode"|"System.ServiceProcess.ServiceController[]"||"Stopped"|"Win32ShareProcess"|"Manual"||
"EntAppSvc"|"System.ServiceProcess.ServiceController[]"|"False"|"False"|"False"|"Enterprise App Management Service"|"System.ServiceProcess.ServiceController[]"|"."|"EntAppSvc"|"System.ServiceProcess.ServiceController[]"||"Stopped"|"Win32ShareProcess"|"Manual"||
"esifsvc"|"System.ServiceProcess.ServiceController[]"|"True"|"True"|"True"|"Intel(R) Dynamic Platform and Thermal Framework service"|"System.ServiceProcess.ServiceController[]"|"."|"esifsvc"|"System.ServiceProcess.ServiceController[]"||"Running"|"Win32OwnProcess"|"Automatic"||
"ETDService"|"System.ServiceProcess.ServiceController[]"|"False"|"True"|"True"|"Elan Service"|"System.ServiceProcess.ServiceController[]"|"."|"ETDService"|"System.ServiceProcess.ServiceController[]"||"Running"|"Win32OwnProcess"|"Automatic"||
"EventLog"|"System.ServiceProcess.ServiceController[]"|"False"|"True"|"True"|"Windows Event Log"|"System.ServiceProcess.ServiceController[]"|"."|"EventLog"|"System.ServiceProcess.ServiceController[]"||"Running"|"Win32OwnProcess, Win32ShareProcess"|"Automatic"||
"EventSystem"|"System.ServiceProcess.ServiceController[]"|"False"|"False"|"True"|"COM+ Event System"|"System.ServiceProcess.ServiceController[]"|"."|"EventSystem"|"System.ServiceProcess.ServiceController[]"||"Running"|"Win32OwnProcess, Win32ShareProcess"|"Automatic"||
"Fax"|"System.ServiceProcess.ServiceController[]"|"False"|"False"|"False"|"Fax"|"System.ServiceProcess.ServiceController[]"|"."|"Fax"|"System.ServiceProcess.ServiceController[]"||"Stopped"|"Win32OwnProcess"|"Manual"||
"fdPHost"|"System.ServiceProcess.ServiceController[]"|"False"|"False"|"False"|"Function Discovery Provider Host"|"System.ServiceProcess.ServiceController[]"|"."|"fdPHost"|"System.ServiceProcess.ServiceController[]"||"Stopped"|"Win32ShareProcess"|"Manual"||
"FDResPub"|"System.ServiceProcess.ServiceController[]"|"False"|"False"|"False"|"Function Discovery Resource Publication"|"System.ServiceProcess.ServiceController[]"|"."|"FDResPub"|"System.ServiceProcess.ServiceController[]"||"Stopped"|"Win32ShareProcess"|"Manual"||
"fhsvc"|"System.ServiceProcess.ServiceController[]"|"False"|"False"|"False"|"File History Service"|"System.ServiceProcess.ServiceController[]"|"."|"fhsvc"|"System.ServiceProcess.ServiceController[]"||"Stopped"|"Win32ShareProcess"|"Manual"||
"FontCache"|"System.ServiceProcess.ServiceController[]"|"False"|"True"|"True"|"Windows Font Cache Service"|"System.ServiceProcess.ServiceController[]"|"."|"FontCache"|"System.ServiceProcess.ServiceController[]"||"Running"|"Win32OwnProcess, Win32ShareProcess"|"Automatic"||
"FontCache3.0.0.0"|"System.ServiceProcess.ServiceController[]"|"False"|"True"|"True"|"Windows Presentation Foundation Font Cache 3.0.0.0"|"System.ServiceProcess.ServiceController[]"|"."|"FontCache3.0.0.0"|"System.ServiceProcess.ServiceController[]"||"Running"|"Win32OwnProcess"|"Manual"||
"FrameServer"|"System.ServiceProcess.ServiceController[]"|"False"|"False"|"False"|"Windows Camera Frame Server"|"System.ServiceProcess.ServiceController[]"|"."|"FrameServer"|"System.ServiceProcess.ServiceController[]"||"Stopped"|"Win32OwnProcess, Win32ShareProcess"|"Manual"||
"gpsvc"|"System.ServiceProcess.ServiceController[]"|"False"|"False"|"False"|"Group Policy Client"|"System.ServiceProcess.ServiceController[]"|"."|"gpsvc"|"System.ServiceProcess.ServiceController[]"||"Stopped"|"Win32OwnProcess, Win32ShareProcess"|"Automatic"||
"GraphicsPerfSvc"|"System.ServiceProcess.ServiceController[]"|"False"|"False"|"False"|"GraphicsPerfSvc"|"System.ServiceProcess.ServiceController[]"|"."|"GraphicsPerfSvc"|"System.ServiceProcess.ServiceController[]"||"Stopped"|"Win32ShareProcess"|"Manual"||
"gupdate"|"System.ServiceProcess.ServiceController[]"|"False"|"False"|"False"|"Google Update Service (gupdate)"|"System.ServiceProcess.ServiceController[]"|"."|"gupdate"|"System.ServiceProcess.ServiceController[]"||"Stopped"|"Win32OwnProcess"|"Automatic"||
"gupdatem"|"System.ServiceProcess.ServiceController[]"|"False"|"False"|"False"|"Google Update Service (gupdatem)"|"System.ServiceProcess.ServiceController[]"|"."|"gupdatem"|"System.ServiceProcess.ServiceController[]"||"Stopped"|"Win32OwnProcess"|"Manual"||
"hidserv"|"System.ServiceProcess.ServiceController[]"|"False"|"False"|"False"|"Human Interface Device Service"|"System.ServiceProcess.ServiceController[]"|"."|"hidserv"|"System.ServiceProcess.ServiceController[]"||"Stopped"|"Win32ShareProcess"|"Manual"||
"HiveStreamingService"|"System.ServiceProcess.ServiceController[]"|"False"|"True"|"True"|"Hive Streaming Service"|"System.ServiceProcess.ServiceController[]"|"."|"HiveStreamingService"|"System.ServiceProcess.ServiceController[]"||"Running"|"Win32OwnProcess"|"Automatic"||
"HomeGroupProvider"|"System.ServiceProcess.ServiceController[]"|"False"|"False"|"False"|"HomeGroup Provider"|"System.ServiceProcess.ServiceController[]"|"."|"HomeGroupProvider"|"System.ServiceProcess.ServiceController[]"||"Stopped"|"Win32ShareProcess"|"Manual"||
"HvHost"|"System.ServiceProcess.ServiceController[]"|"False"|"False"|"False"|"HV Host Service"|"System.ServiceProcess.ServiceController[]"|"."|"HvHost"|"System.ServiceProcess.ServiceController[]"||"Stopped"|"Win32ShareProcess"|"Manual"||
"iaStorAfsService"|"System.ServiceProcess.ServiceController[]"|"False"|"False"|"False"|"Intel(R) Optane(TM) Memory Service"|"System.ServiceProcess.ServiceController[]"|"."|"iaStorAfsService"|"System.ServiceProcess.ServiceController[]"||"Stopped"|"Win32OwnProcess"|"Manual"||
"IBMPMSVC"|"System.ServiceProcess.ServiceController[]"|"False"|"False"|"True"|"Lenovo PM Service"|"System.ServiceProcess.ServiceController[]"|"."|"IBMPMSVC"|"System.ServiceProcess.ServiceController[]"||"Running"|"Win32OwnProcess"|"Automatic"||
"icssvc"|"System.ServiceProcess.ServiceController[]"|"False"|"False"|"False"|"Windows Mobile Hotspot Service"|"System.ServiceProcess.ServiceController[]"|"."|"icssvc"|"System.ServiceProcess.ServiceController[]"||"Stopped"|"Win32ShareProcess"|"Manual"||
"igfxCUIService2.0.0.0"|"System.ServiceProcess.ServiceController[]"|"False"|"False"|"True"|"Intel(R) HD Graphics Control Panel Service"|"System.ServiceProcess.ServiceController[]"|"."|"igfxCUIService2.0.0.0"|"System.ServiceProcess.ServiceController[]"||"Running"|"Win32OwnProcess"|"Automatic"||
"IKEEXT"|"System.ServiceProcess.ServiceController[]"|"False"|"True"|"True"|"IKE and AuthIP IPsec Keying Modules"|"System.ServiceProcess.ServiceController[]"|"."|"IKEEXT"|"System.ServiceProcess.ServiceController[]"||"Running"|"Win32OwnProcess, Win32ShareProcess"|"Automatic"||
"InstallService"|"System.ServiceProcess.ServiceController[]"|"False"|"False"|"False"|"Windows Store Install Service"|"System.ServiceProcess.ServiceController[]"|"."|"InstallService"|"System.ServiceProcess.ServiceController[]"||"Stopped"|"Win32OwnProcess"|"Manual"||
"iphlpsvc"|"System.ServiceProcess.ServiceController[]"|"False"|"False"|"True"|"IP Helper"|"System.ServiceProcess.ServiceController[]"|"."|"iphlpsvc"|"System.ServiceProcess.ServiceController[]"||"Running"|"Win32OwnProcess, Win32ShareProcess"|"Automatic"||
"IpxlatCfgSvc"|"System.ServiceProcess.ServiceController[]"|"False"|"False"|"False"|"IP Translation Configuration Service"|"System.ServiceProcess.ServiceController[]"|"."|"IpxlatCfgSvc"|"System.ServiceProcess.ServiceController[]"||"Stopped"|"Win32ShareProcess"|"Manual"||
"irmon"|"System.ServiceProcess.ServiceController[]"|"False"|"False"|"False"|"Infrared monitor service"|"System.ServiceProcess.ServiceController[]"|"."|"irmon"|"System.ServiceProcess.ServiceController[]"||"Stopped"|"Win32ShareProcess"|"Manual"||
"KeyIso"|"System.ServiceProcess.ServiceController[]"|"False"|"False"|"True"|"CNG Key Isolation"|"System.ServiceProcess.ServiceController[]"|"."|"KeyIso"|"System.ServiceProcess.ServiceController[]"||"Running"|"Win32ShareProcess"|"Manual"||
"KtmRm"|"System.ServiceProcess.ServiceController[]"|"False"|"False"|"False"|"KtmRm for Distributed Transaction Coordinator"|"System.ServiceProcess.ServiceController[]"|"."|"KtmRm"|"System.ServiceProcess.ServiceController[]"||"Stopped"|"Win32ShareProcess"|"Manual"||
"LanmanServer"|"System.ServiceProcess.ServiceController[]"|"False"|"False"|"True"|"Server"|"System.ServiceProcess.ServiceController[]"|"."|"LanmanServer"|"System.ServiceProcess.ServiceController[]"||"Running"|"Win32OwnProcess, Win32ShareProcess"|"Automatic"||
"LanmanWorkstation"|"System.ServiceProcess.ServiceController[]"|"True"|"False"|"True"|"Workstation"|"System.ServiceProcess.ServiceController[]"|"."|"LanmanWorkstation"|"System.ServiceProcess.ServiceController[]"||"Running"|"Win32OwnProcess, Win32ShareProcess"|"Automatic"||
"LENOVO.MICMUTE"|"System.ServiceProcess.ServiceController[]"|"False"|"False"|"True"|"Lenovo Microphone Mute"|"System.ServiceProcess.ServiceController[]"|"."|"LENOVO.MICMUTE"|"System.ServiceProcess.ServiceController[]"||"Running"|"Win32OwnProcess"|"Automatic"||
"Lenovo.VIRTSCRLSVC"|"System.ServiceProcess.ServiceController[]"|"False"|"False"|"True"|"Lenovo Auto Scroll"|"System.ServiceProcess.ServiceController[]"|"."|"Lenovo.VIRTSCRLSVC"|"System.ServiceProcess.ServiceController[]"||"Running"|"Win32OwnProcess"|"Automatic"||
"lfsvc"|"System.ServiceProcess.ServiceController[]"|"False"|"False"|"True"|"Geolocation Service"|"System.ServiceProcess.ServiceController[]"|"."|"lfsvc"|"System.ServiceProcess.ServiceController[]"||"Running"|"Win32OwnProcess, Win32ShareProcess"|"Manual"||
"LicenseManager"|"System.ServiceProcess.ServiceController[]"|"False"|"False"|"True"|"Windows License Manager Service"|"System.ServiceProcess.ServiceController[]"|"."|"LicenseManager"|"System.ServiceProcess.ServiceController[]"||"Running"|"Win32OwnProcess, Win32ShareProcess"|"Manual"||
"LITSSVC"|"System.ServiceProcess.ServiceController[]"|"False"|"True"|"True"|"Lenovo Intelligent Thermal Solution Service"|"System.ServiceProcess.ServiceController[]"|"."|"LITSSVC"|"System.ServiceProcess.ServiceController[]"||"Running"|"Win32OwnProcess"|"Automatic"||
"lltdsvc"|"System.ServiceProcess.ServiceController[]"|"False"|"False"|"False"|"Link-Layer Topology Discovery Mapper"|"System.ServiceProcess.ServiceController[]"|"."|"lltdsvc"|"System.ServiceProcess.ServiceController[]"||"Stopped"|"Win32ShareProcess"|"Manual"||
"lmhosts"|"System.ServiceProcess.ServiceController[]"|"False"|"False"|"True"|"TCP/IP NetBIOS Helper"|"System.ServiceProcess.ServiceController[]"|"."|"lmhosts"|"System.ServiceProcess.ServiceController[]"||"Running"|"Win32OwnProcess, Win32ShareProcess"|"Manual"||
"lpasvc"|"System.ServiceProcess.ServiceController[]"|"False"|"True"|"True"|"Microsoft Policy Platform Local Authority"|"System.ServiceProcess.ServiceController[]"|"."|"lpasvc"|"System.ServiceProcess.ServiceController[]"||"Running"|"Win32ShareProcess"|"Manual"||
"LPlatSvc"|"System.ServiceProcess.ServiceController[]"|"False"|"True"|"True"|"Lenovo Platform Service"|"System.ServiceProcess.ServiceController[]"|"."|"LPlatSvc"|"System.ServiceProcess.ServiceController[]"||"Running"|"Win32OwnProcess"|"Automatic"||
"lppsvc"|"System.ServiceProcess.ServiceController[]"|"False"|"True"|"True"|"Microsoft Policy Platform Processor"|"System.ServiceProcess.ServiceController[]"|"."|"lppsvc"|"System.ServiceProcess.ServiceController[]"||"Running"|"Win32ShareProcess"|"Manual"||
"LSM"|"System.ServiceProcess.ServiceController[]"|"False"|"False"|"False"|"Local Session Manager"|"System.ServiceProcess.ServiceController[]"|"."|"LSM"|"System.ServiceProcess.ServiceController[]"||"Running"|"Win32OwnProcess, Win32ShareProcess"|"Automatic"||
"MapsBroker"|"System.ServiceProcess.ServiceController[]"|"False"|"False"|"False"|"Downloaded Maps Manager"|"System.ServiceProcess.ServiceController[]"|"."|"MapsBroker"|"System.ServiceProcess.ServiceController[]"||"Stopped"|"Win32OwnProcess"|"Automatic"||
"MessagingService_1dde2e"|"System.ServiceProcess.ServiceController[]"|"False"|"False"|"False"|"MessagingService_1dde2e"|"System.ServiceProcess.ServiceController[]"|"."|"MessagingService_1dde2e"|"System.ServiceProcess.ServiceController[]"||"Stopped"|"224"|"Manual"||
"MpsSvc"|"System.ServiceProcess.ServiceController[]"|"False"|"False"|"False"|"Windows Defender Firewall"||"."|"MpsSvc"|"System.ServiceProcess.ServiceController[]"||"Running"|"Win32ShareProcess"|"Automatic"||
"MSDTC"|"System.ServiceProcess.ServiceController[]"|"False"|"False"|"False"|"Distributed Transaction Coordinator"|"System.ServiceProcess.ServiceController[]"|"."|"MSDTC"|"System.ServiceProcess.ServiceController[]"||"Stopped"|"Win32OwnProcess"|"Manual"||
"MSiSCSI"|"System.ServiceProcess.ServiceController[]"|"False"|"False"|"False"|"Microsoft iSCSI Initiator Service"|"System.ServiceProcess.ServiceController[]"|"."|"MSiSCSI"|"System.ServiceProcess.ServiceController[]"||"Stopped"|"Win32ShareProcess"|"Manual"||
"msiserver"|"System.ServiceProcess.ServiceController[]"|"False"|"False"|"False"|"Windows Installer"|"System.ServiceProcess.ServiceController[]"|"."|"msiserver"|"System.ServiceProcess.ServiceController[]"||"Stopped"|"Win32OwnProcess"|"Manual"||
"nam"|"System.ServiceProcess.ServiceController[]"|"False"|"True"|"True"|"Cisco AnyConnect Network Access Manager"|"System.ServiceProcess.ServiceController[]"|"."|"nam"|"System.ServiceProcess.ServiceController[]"||"Running"|"Win32OwnProcess"|"Automatic"||
"namlm"|"System.ServiceProcess.ServiceController[]"|"False"|"True"|"True"|"Cisco AnyConnect Network Access Manager Logon Module"|"System.ServiceProcess.ServiceController[]"|"."|"namlm"|"System.ServiceProcess.ServiceController[]"||"Running"|"Win32OwnProcess"|"Automatic"||
"NaturalAuthentication"|"System.ServiceProcess.ServiceController[]"|"False"|"False"|"False"|"Natural Authentication"|"System.ServiceProcess.ServiceController[]"|"."|"NaturalAuthentication"|"System.ServiceProcess.ServiceController[]"||"Stopped"|"Win32ShareProcess"|"Manual"||
"NcaSvc"|"System.ServiceProcess.ServiceController[]"|"False"|"False"|"False"|"Network Connectivity Assistant"|"System.ServiceProcess.ServiceController[]"|"."|"NcaSvc"|"System.ServiceProcess.ServiceController[]"||"Stopped"|"Win32OwnProcess, Win32ShareProcess"|"Manual"||
"NcbService"|"System.ServiceProcess.ServiceController[]"|"False"|"False"|"True"|"Network Connection Broker"|"System.ServiceProcess.ServiceController[]"|"."|"NcbService"|"System.ServiceProcess.ServiceController[]"||"Running"|"Win32OwnProcess, Win32ShareProcess"|"Manual"||
"NcdAutoSetup"|"System.ServiceProcess.ServiceController[]"|"False"|"False"|"False"|"Network Connected Devices Auto-Setup"|"System.ServiceProcess.ServiceController[]"|"."|"NcdAutoSetup"|"System.ServiceProcess.ServiceController[]"||"Stopped"|"Win32ShareProcess"|"Manual"||
"Netlogon"|"System.ServiceProcess.ServiceController[]"|"True"|"False"|"True"|"Netlogon"|"System.ServiceProcess.ServiceController[]"|"."|"Netlogon"|"System.ServiceProcess.ServiceController[]"||"Running"|"Win32ShareProcess"|"Automatic"||
"Netman"|"System.ServiceProcess.ServiceController[]"|"False"|"False"|"True"|"Network Connections"|"System.ServiceProcess.ServiceController[]"|"."|"Netman"|"System.ServiceProcess.ServiceController[]"||"Running"|"Win32OwnProcess, Win32ShareProcess"|"Manual"||
"NetMsmqActivator"|"System.ServiceProcess.ServiceController[]"|"False"|"False"|"False"|"Net.Msmq Listener Adapter"|"System.ServiceProcess.ServiceController[]"|"."|"NetMsmqActivator"|"System.ServiceProcess.ServiceController[]"||"Stopped"|"Win32ShareProcess"|"Disabled"||
"NetPipeActivator"|"System.ServiceProcess.ServiceController[]"|"True"|"True"|"True"|"Net.Pipe Listener Adapter"|"System.ServiceProcess.ServiceController[]"|"."|"NetPipeActivator"|"System.ServiceProcess.ServiceController[]"||"Running"|"Win32ShareProcess"|"Automatic"||
"netprofm"|"System.ServiceProcess.ServiceController[]"|"False"|"False"|"True"|"Network List Service"|"System.ServiceProcess.ServiceController[]"|"."|"netprofm"|"System.ServiceProcess.ServiceController[]"||"Running"|"Win32OwnProcess, Win32ShareProcess"|"Manual"||
"NetSetupSvc"|"System.ServiceProcess.ServiceController[]"|"False"|"False"|"False"|"Network Setup Service"|"System.ServiceProcess.ServiceController[]"|"."|"NetSetupSvc"|"System.ServiceProcess.ServiceController[]"||"Stopped"|"Win32OwnProcess, Win32ShareProcess"|"Manual"||
"NetTcpActivator"|"System.ServiceProcess.ServiceController[]"|"True"|"True"|"True"|"Net.Tcp Listener Adapter"|"System.ServiceProcess.ServiceController[]"|"."|"NetTcpActivator"|"System.ServiceProcess.ServiceController[]"||"Running"|"Win32ShareProcess"|"Automatic"||
"NetTcpPortSharing"|"System.ServiceProcess.ServiceController[]"|"True"|"True"|"True"|"Net.Tcp Port Sharing Service"|"System.ServiceProcess.ServiceController[]"|"."|"NetTcpPortSharing"|"System.ServiceProcess.ServiceController[]"||"Running"|"Win32ShareProcess"|"Manual"||
"NgcCtnrSvc"|"System.ServiceProcess.ServiceController[]"|"False"|"False"|"True"|"Microsoft Passport Container"||"."|"NgcCtnrSvc"|"System.ServiceProcess.ServiceController[]"||"Running"|"Win32OwnProcess, Win32ShareProcess"|"Manual"||
"NgcSvc"|"System.ServiceProcess.ServiceController[]"|"False"|"False"|"False"|"Microsoft Passport"||"."|"NgcSvc"|"System.ServiceProcess.ServiceController[]"||"Stopped"|"Win32OwnProcess, Win32ShareProcess"|"Manual"||
"NlaSvc"|"System.ServiceProcess.ServiceController[]"|"False"|"False"|"True"|"Network Location Awareness"|"System.ServiceProcess.ServiceController[]"|"."|"NlaSvc"|"System.ServiceProcess.ServiceController[]"||"Running"|"Win32OwnProcess, Win32ShareProcess"|"Automatic"||
"nsi"|"System.ServiceProcess.ServiceController[]"|"False"|"False"|"True"|"Network Store Interface Service"|"System.ServiceProcess.ServiceController[]"|"."|"nsi"|"System.ServiceProcess.ServiceController[]"||"Running"|"Win32OwnProcess, Win32ShareProcess"|"Automatic"||
"OneSyncSvc_1dde2e"|"System.ServiceProcess.ServiceController[]"|"False"|"False"|"True"|"Sync Host_1dde2e"|"System.ServiceProcess.ServiceController[]"|"."|"OneSyncSvc_1dde2e"|"System.ServiceProcess.ServiceController[]"||"Running"|"224"|"Automatic"||
"ose"|"System.ServiceProcess.ServiceController[]"|"False"|"False"|"False"|"Office  Source Engine"|"System.ServiceProcess.ServiceController[]"|"."|"ose"|"System.ServiceProcess.ServiceController[]"||"Stopped"|"Win32OwnProcess"|"Manual"||
"p2pimsvc"|"System.ServiceProcess.ServiceController[]"|"False"|"False"|"False"|"Peer Networking Identity Manager"|"System.ServiceProcess.ServiceController[]"|"."|"p2pimsvc"|"System.ServiceProcess.ServiceController[]"||"Stopped"|"Win32ShareProcess"|"Manual"||
"p2psvc"|"System.ServiceProcess.ServiceController[]"|"False"|"False"|"False"|"Peer Networking Grouping"|"System.ServiceProcess.ServiceController[]"|"."|"p2psvc"|"System.ServiceProcess.ServiceController[]"||"Stopped"|"Win32ShareProcess"|"Manual"||
"PcaSvc"|"System.ServiceProcess.ServiceController[]"|"False"|"True"|"True"|"Program Compatibility Assistant Service"|"System.ServiceProcess.ServiceController[]"|"."|"PcaSvc"|"System.ServiceProcess.ServiceController[]"||"Running"|"Win32OwnProcess, Win32ShareProcess"|"Manual"||
"PeerDistSvc"|"System.ServiceProcess.ServiceController[]"|"False"|"False"|"False"|"BranchCache"|"System.ServiceProcess.ServiceController[]"|"."|"PeerDistSvc"|"System.ServiceProcess.ServiceController[]"||"Stopped"|"Win32ShareProcess"|"Manual"||
"PerfHost"|"System.ServiceProcess.ServiceController[]"|"False"|"False"|"False"|"Performance Counter DLL Host"|"System.ServiceProcess.ServiceController[]"|"."|"PerfHost"|"System.ServiceProcess.ServiceController[]"||"Stopped"|"Win32OwnProcess"|"Manual"||
"PhoneSvc"|"System.ServiceProcess.ServiceController[]"|"False"|"False"|"False"|"Phone Service"|"System.ServiceProcess.ServiceController[]"|"."|"PhoneSvc"|"System.ServiceProcess.ServiceController[]"||"Stopped"|"Win32ShareProcess"|"Manual"||
"PimIndexMaintenanceSvc_1dde2e"|"System.ServiceProcess.ServiceController[]"|"False"|"False"|"False"|"Contact Data_1dde2e"|"System.ServiceProcess.ServiceController[]"|"."|"PimIndexMaintenanceSvc_1dde2e"|"System.ServiceProcess.ServiceController[]"||"Stopped"|"224"|"Manual"||
"pla"|"System.ServiceProcess.ServiceController[]"|"False"|"False"|"False"|"Performance Logs & Alerts"||"."|"pla"|"System.ServiceProcess.ServiceController[]"||"Stopped"|"Win32ShareProcess"|"Manual"||
"PlugPlay"|"System.ServiceProcess.ServiceController[]"|"False"|"True"|"True"|"Plug and Play"|"System.ServiceProcess.ServiceController[]"|"."|"PlugPlay"|"System.ServiceProcess.ServiceController[]"||"Running"|"Win32OwnProcess, Win32ShareProcess"|"Manual"||
"PNRPAutoReg"|"System.ServiceProcess.ServiceController[]"|"False"|"False"|"False"|"PNRP Machine Name Publication Service"|"System.ServiceProcess.ServiceController[]"|"."|"PNRPAutoReg"|"System.ServiceProcess.ServiceController[]"||"Stopped"|"Win32ShareProcess"|"Manual"||
"PNRPsvc"|"System.ServiceProcess.ServiceController[]"|"False"|"False"|"False"|"Peer Name Resolution Protocol"|"System.ServiceProcess.ServiceController[]"|"."|"PNRPsvc"|"System.ServiceProcess.ServiceController[]"||"Stopped"|"Win32ShareProcess"|"Manual"||
"PolicyAgent"|"System.ServiceProcess.ServiceController[]"|"False"|"True"|"True"|"IPsec Policy Agent"|"System.ServiceProcess.ServiceController[]"|"."|"PolicyAgent"|"System.ServiceProcess.ServiceController[]"||"Running"|"Win32OwnProcess, Win32ShareProcess"|"Manual"||
"Power"|"System.ServiceProcess.ServiceController[]"|"False"|"False"|"False"|"Power"|"System.ServiceProcess.ServiceController[]"|"."|"Power"|"System.ServiceProcess.ServiceController[]"||"Running"|"Win32ShareProcess"|"Automatic"||
"PrintNotify"|"System.ServiceProcess.ServiceController[]"|"False"|"False"|"False"|"Printer Extensions and Notifications"|"System.ServiceProcess.ServiceController[]"|"."|"PrintNotify"|"System.ServiceProcess.ServiceController[]"||"Stopped"|"Win32ShareProcess, InteractiveProcess"|"Manual"||
"PrintWorkflowUserSvc_1dde2e"|"System.ServiceProcess.ServiceController[]"|"False"|"False"|"False"|"PrintWorkflow_1dde2e"|"System.ServiceProcess.ServiceController[]"|"."|"PrintWorkflowUserSvc_1dde2e"|"System.ServiceProcess.ServiceController[]"||"Stopped"|"224"|"Manual"||
"ProfSvc"|"System.ServiceProcess.ServiceController[]"|"False"|"True"|"True"|"User Profile Service"|"System.ServiceProcess.ServiceController[]"|"."|"ProfSvc"|"System.ServiceProcess.ServiceController[]"||"Running"|"Win32OwnProcess, Win32ShareProcess"|"Automatic"||
"PushToInstall"|"System.ServiceProcess.ServiceController[]"|"False"|"False"|"False"|"Windows PushToInstall Service"|"System.ServiceProcess.ServiceController[]"|"."|"PushToInstall"|"System.ServiceProcess.ServiceController[]"||"Stopped"|"Win32OwnProcess, Win32ShareProcess"|"Manual"||
"QWAVE"|"System.ServiceProcess.ServiceController[]"|"False"|"True"|"True"|"Quality Windows Audio Video Experience"|"System.ServiceProcess.ServiceController[]"|"."|"QWAVE"|"System.ServiceProcess.ServiceController[]"||"Running"|"Win32OwnProcess, Win32ShareProcess"|"Manual"||
"RasAuto"|"System.ServiceProcess.ServiceController[]"|"False"|"False"|"False"|"Remote Access Auto Connection Manager"|"System.ServiceProcess.ServiceController[]"|"."|"RasAuto"|"System.ServiceProcess.ServiceController[]"||"Stopped"|"Win32ShareProcess"|"Manual"||
"RasMan"|"System.ServiceProcess.ServiceController[]"|"False"|"True"|"True"|"Remote Access Connection Manager"|"System.ServiceProcess.ServiceController[]"|"."|"RasMan"|"System.ServiceProcess.ServiceController[]"||"Running"|"Win32ShareProcess"|"Automatic"||
"RemoteAccess"|"System.ServiceProcess.ServiceController[]"|"False"|"False"|"False"|"Routing and Remote Access"|"System.ServiceProcess.ServiceController[]"|"."|"RemoteAccess"|"System.ServiceProcess.ServiceController[]"||"Stopped"|"Win32ShareProcess"|"Disabled"||
"RemoteRegistry"|"System.ServiceProcess.ServiceController[]"|"False"|"False"|"False"|"Remote Registry"|"System.ServiceProcess.ServiceController[]"|"."|"RemoteRegistry"|"System.ServiceProcess.ServiceController[]"||"Stopped"|"Win32ShareProcess"|"Disabled"||
"RetailDemo"|"System.ServiceProcess.ServiceController[]"|"False"|"False"|"False"|"Retail Demo Service"|"System.ServiceProcess.ServiceController[]"|"."|"RetailDemo"|"System.ServiceProcess.ServiceController[]"||"Stopped"|"Win32ShareProcess"|"Manual"||
"RmSvc"|"System.ServiceProcess.ServiceController[]"|"False"|"False"|"True"|"Radio Management Service"|"System.ServiceProcess.ServiceController[]"|"."|"RmSvc"|"System.ServiceProcess.ServiceController[]"||"Running"|"Win32OwnProcess, Win32ShareProcess"|"Manual"||
"RpcEptMapper"|"System.ServiceProcess.ServiceController[]"|"False"|"False"|"False"|"RPC Endpoint Mapper"||"."|"RpcEptMapper"|"System.ServiceProcess.ServiceController[]"||"Running"|"Win32ShareProcess"|"Automatic"||
"RpcLocator"|"System.ServiceProcess.ServiceController[]"|"False"|"False"|"False"|"Remote Procedure Call (RPC) Locator"|"System.ServiceProcess.ServiceController[]"|"."|"RpcLocator"|"System.ServiceProcess.ServiceController[]"||"Stopped"|"Win32OwnProcess"|"Manual"||
"RpcSs"|"System.ServiceProcess.ServiceController[]"|"False"|"False"|"False"|"Remote Procedure Call (RPC)"|"System.ServiceProcess.ServiceController[]"|"."|"RpcSs"|"System.ServiceProcess.ServiceController[]"||"Running"|"Win32ShareProcess"|"Automatic"||
"RtkAudioService"|"System.ServiceProcess.ServiceController[]"|"False"|"True"|"True"|"Realtek Audio Service"|"System.ServiceProcess.ServiceController[]"|"."|"RtkAudioService"|"System.ServiceProcess.ServiceController[]"||"Running"|"Win32OwnProcess"|"Automatic"||
"SamSs"|"System.ServiceProcess.ServiceController[]"|"False"|"False"|"False"|"Security Accounts Manager"|"System.ServiceProcess.ServiceController[]"|"."|"SamSs"|"System.ServiceProcess.ServiceController[]"||"Running"|"Win32ShareProcess"|"Automatic"||
"SCardSvr"|"System.ServiceProcess.ServiceController[]"|"False"|"False"|"True"|"Smart Card"|"System.ServiceProcess.ServiceController[]"|"."|"SCardSvr"|"System.ServiceProcess.ServiceController[]"||"Running"|"Win32OwnProcess, Win32ShareProcess"|"Automatic"||
"ScDeviceEnum"|"System.ServiceProcess.ServiceController[]"|"False"|"False"|"False"|"Smart Card Device Enumeration Service"|"System.ServiceProcess.ServiceController[]"|"."|"ScDeviceEnum"|"System.ServiceProcess.ServiceController[]"||"Stopped"|"Win32OwnProcess, Win32ShareProcess"|"Manual"||
"Schedule"|"System.ServiceProcess.ServiceController[]"|"False"|"True"|"True"|"Task Scheduler"|"System.ServiceProcess.ServiceController[]"|"."|"Schedule"|"System.ServiceProcess.ServiceController[]"||"Running"|"Win32OwnProcess, Win32ShareProcess"|"Automatic"||
"SCPolicySvc"|"System.ServiceProcess.ServiceController[]"|"False"|"False"|"False"|"Smart Card Removal Policy"|"System.ServiceProcess.ServiceController[]"|"."|"SCPolicySvc"|"System.ServiceProcess.ServiceController[]"||"Stopped"|"Win32ShareProcess"|"Manual"||
"SDRSVC"|"System.ServiceProcess.ServiceController[]"|"False"|"False"|"False"|"Windows Backup"|"System.ServiceProcess.ServiceController[]"|"."|"SDRSVC"|"System.ServiceProcess.ServiceController[]"||"Stopped"|"Win32OwnProcess"|"Manual"||
"seclogon"|"System.ServiceProcess.ServiceController[]"|"False"|"False"|"False"|"Secondary Logon"|"System.ServiceProcess.ServiceController[]"|"."|"seclogon"|"System.ServiceProcess.ServiceController[]"||"Stopped"|"Win32ShareProcess"|"Manual"||
"SecurityHealthService"|"System.ServiceProcess.ServiceController[]"|"False"|"False"|"True"|"Windows Defender Security Center Service"|"System.ServiceProcess.ServiceController[]"|"."|"SecurityHealthService"|"System.ServiceProcess.ServiceController[]"||"Running"|"Win32OwnProcess"|"Automatic"||
"SEMgrSvc"|"System.ServiceProcess.ServiceController[]"|"False"|"False"|"False"|"Payments and NFC/SE Manager"|"System.ServiceProcess.ServiceController[]"|"."|"SEMgrSvc"|"System.ServiceProcess.ServiceController[]"||"Stopped"|"Win32OwnProcess, Win32ShareProcess"|"Manual"||
"SENS"|"System.ServiceProcess.ServiceController[]"|"False"|"False"|"True"|"System Event Notification Service"|"System.ServiceProcess.ServiceController[]"|"."|"SENS"|"System.ServiceProcess.ServiceController[]"||"Running"|"Win32OwnProcess, Win32ShareProcess"|"Automatic"||
"Sense"|"System.ServiceProcess.ServiceController[]"|"False"|"False"|"False"|"Windows Defender Advanced Threat Protection Service"|"System.ServiceProcess.ServiceController[]"|"."|"Sense"|"System.ServiceProcess.ServiceController[]"||"Stopped"|"Win32OwnProcess"|"Manual"||
"SensorDataService"|"System.ServiceProcess.ServiceController[]"|"False"|"False"|"False"|"Sensor Data Service"|"System.ServiceProcess.ServiceController[]"|"."|"SensorDataService"|"System.ServiceProcess.ServiceController[]"||"Stopped"|"Win32OwnProcess"|"Manual"||
"SensorService"|"System.ServiceProcess.ServiceController[]"|"False"|"False"|"False"|"Sensor Service"|"System.ServiceProcess.ServiceController[]"|"."|"SensorService"|"System.ServiceProcess.ServiceController[]"||"Stopped"|"Win32ShareProcess"|"Manual"||
"SensrSvc"|"System.ServiceProcess.ServiceController[]"|"False"|"False"|"False"|"Sensor Monitoring Service"|"System.ServiceProcess.ServiceController[]"|"."|"SensrSvc"|"System.ServiceProcess.ServiceController[]"||"Stopped"|"Win32ShareProcess"|"Manual"||
"SepMasterService"|"System.ServiceProcess.ServiceController[]"|"False"|"True"|"False"|"Symantec Endpoint Protection"|"System.ServiceProcess.ServiceController[]"|"."|"SepMasterService"|"System.ServiceProcess.ServiceController[]"||"Running"|"Win32OwnProcess"|"Automatic"||
"SessionEnv"|"System.ServiceProcess.ServiceController[]"|"False"|"False"|"False"|"Remote Desktop Configuration"|"System.ServiceProcess.ServiceController[]"|"."|"SessionEnv"|"System.ServiceProcess.ServiceController[]"||"Stopped"|"Win32ShareProcess"|"Manual"||
"SGMasterWatchDog"|"System.ServiceProcess.ServiceController[]"|"False"|"True"|"True"|"SafeGuard(R) MasterApplication WatchDog"|"System.ServiceProcess.ServiceController[]"|"."|"SGMasterWatchDog"|"System.ServiceProcess.ServiceController[]"||"Running"|"Win32ShareProcess"|"Automatic"||
"SGN_LogSystem"|"System.ServiceProcess.ServiceController[]"|"False"|"True"|"True"|"SafeGuard(R) Log Service"|"System.ServiceProcess.ServiceController[]"|"."|"SGN_LogSystem"|"System.ServiceProcess.ServiceController[]"||"Running"|"Win32ShareProcess"|"Automatic"||
"SGN_Sem"|"System.ServiceProcess.ServiceController[]"|"False"|"True"|"True"|"SafeGuard(R) System Event Manager"|"System.ServiceProcess.ServiceController[]"|"."|"SGN_Sem"|"System.ServiceProcess.ServiceController[]"||"Running"|"Win32ShareProcess"|"Automatic"||
"SGN_Trans"|"System.ServiceProcess.ServiceController[]"|"False"|"True"|"True"|"SafeGuard(R) Transport Service"|"System.ServiceProcess.ServiceController[]"|"."|"SGN_Trans"|"System.ServiceProcess.ServiceController[]"||"Running"|"Win32ShareProcess"|"Automatic"||
"SGN_WMIListener"|"System.ServiceProcess.ServiceController[]"|"False"|"True"|"True"|"SafeGuard(R) WMI Listener"|"System.ServiceProcess.ServiceController[]"|"."|"SGN_WMIListener"|"System.ServiceProcess.ServiceController[]"||"Running"|"Win32OwnProcess"|"Automatic"||
"SGNAuthService"|"System.ServiceProcess.ServiceController[]"|"False"|"True"|"True"|"SafeGuard(R) Authentication Service"|"System.ServiceProcess.ServiceController[]"|"."|"SGNAuthService"|"System.ServiceProcess.ServiceController[]"||"Running"|"Win32OwnProcess"|"Automatic"||
"SGNSafeModeService"|"System.ServiceProcess.ServiceController[]"|"False"|"False"|"False"|"SGNSafeModeService"|"System.ServiceProcess.ServiceController[]"|"."|"SGNSafeModeService"|"System.ServiceProcess.ServiceController[]"||"Stopped"|"Win32OwnProcess"|"Automatic"||
"SGTelemetryWinService"|"System.ServiceProcess.ServiceController[]"|"False"|"True"|"True"|"SafeGuard(R) Telemetry Service"|"System.ServiceProcess.ServiceController[]"|"."|"SGTelemetryWinService"|"System.ServiceProcess.ServiceController[]"||"Running"|"Win32OwnProcess"|"Manual"||
"SharedAccess"|"System.ServiceProcess.ServiceController[]"|"False"|"False"|"False"|"Internet Connection Sharing (ICS)"|"System.ServiceProcess.ServiceController[]"|"."|"SharedAccess"|"System.ServiceProcess.ServiceController[]"|"SafeServiceHandle"|"Stopped"|"Win32ShareProcess"|"Disabled"||
"SharedRealitySvc"|"System.ServiceProcess.ServiceController[]"|"False"|"False"|"False"|"Spatial Data Service"|"System.ServiceProcess.ServiceController[]"|"."|"SharedRealitySvc"|"System.ServiceProcess.ServiceController[]"||"Stopped"|"Win32ShareProcess"|"Manual"||
"ShellHWDetection"|"System.ServiceProcess.ServiceController[]"|"False"|"False"|"True"|"Shell Hardware Detection"|"System.ServiceProcess.ServiceController[]"|"."|"ShellHWDetection"|"System.ServiceProcess.ServiceController[]"||"Running"|"Win32OwnProcess, Win32ShareProcess"|"Automatic"||
"shpamsvc"|"System.ServiceProcess.ServiceController[]"|"False"|"False"|"False"|"Shared PC Account Manager"|"System.ServiceProcess.ServiceController[]"|"."|"shpamsvc"|"System.ServiceProcess.ServiceController[]"||"Stopped"|"Win32ShareProcess"|"Disabled"||
"SISIDSService"|"System.ServiceProcess.ServiceController[]"|"False"|"True"|"False"|"Symantec Data Center Security Server IDS Agent"|"System.ServiceProcess.ServiceController[]"|"."|"SISIDSService"|"System.ServiceProcess.ServiceController[]"||"Running"|"Win32OwnProcess"|"Automatic"||
"SISIPSService"|"System.ServiceProcess.ServiceController[]"|"False"|"False"|"False"|"Symantec Data Center Security Server Agent"|"System.ServiceProcess.ServiceController[]"|"."|"SISIPSService"|"System.ServiceProcess.ServiceController[]"||"Running"|"Win32OwnProcess"|"Automatic"||
"SISIPSUtil"|"System.ServiceProcess.ServiceController[]"|"False"|"False"|"False"|"Symantec Data Center Security Server Utility"|"System.ServiceProcess.ServiceController[]"|"."|"SISIPSUtil"|"System.ServiceProcess.ServiceController[]"||"Running"|"Win32OwnProcess"|"Automatic"||
"smphost"|"System.ServiceProcess.ServiceController[]"|"False"|"False"|"False"|"Microsoft Storage Spaces SMP"|"System.ServiceProcess.ServiceController[]"|"."|"smphost"|"System.ServiceProcess.ServiceController[]"||"Stopped"|"Win32OwnProcess"|"Manual"||
"SmsRouter"|"System.ServiceProcess.ServiceController[]"|"False"|"False"|"False"|"Microsoft Windows SMS Router Service."||"."|"SmsRouter"|"System.ServiceProcess.ServiceController[]"||"Stopped"|"Win32OwnProcess, Win32ShareProcess"|"Manual"||
"smstsmgr"|"System.ServiceProcess.ServiceController[]"|"False"|"False"|"False"|"ConfigMgr Task Sequence Agent"|"System.ServiceProcess.ServiceController[]"|"."|"smstsmgr"|"System.ServiceProcess.ServiceController[]"||"Stopped"|"Win32OwnProcess"|"Manual"||
"SNAC"|"System.ServiceProcess.ServiceController[]"|"False"|"False"|"False"|"Symantec Network Access Control"|"System.ServiceProcess.ServiceController[]"|"."|"SNAC"|"System.ServiceProcess.ServiceController[]"||"Stopped"|"Win32OwnProcess"|"Manual"||
"SNMPTRAP"|"System.ServiceProcess.ServiceController[]"|"False"|"False"|"False"|"SNMP Trap"|"System.ServiceProcess.ServiceController[]"|"."|"SNMPTRAP"|"System.ServiceProcess.ServiceController[]"||"Stopped"|"Win32OwnProcess"|"Manual"||
"spectrum"|"System.ServiceProcess.ServiceController[]"|"False"|"False"|"False"|"Windows Perception Service"|"System.ServiceProcess.ServiceController[]"|"."|"spectrum"|"System.ServiceProcess.ServiceController[]"||"Stopped"|"Win32OwnProcess"|"Manual"||
"Spooler"|"System.ServiceProcess.ServiceController[]"|"False"|"False"|"True"|"Print Spooler"|"System.ServiceProcess.ServiceController[]"|"."|"Spooler"|"System.ServiceProcess.ServiceController[]"||"Running"|"Win32OwnProcess, InteractiveProcess"|"Automatic"||
"sppsvc"|"System.ServiceProcess.ServiceController[]"|"False"|"False"|"False"|"Software Protection"|"System.ServiceProcess.ServiceController[]"|"."|"sppsvc"|"System.ServiceProcess.ServiceController[]"||"Stopped"|"Win32OwnProcess"|"Automatic"||
"SSDPSRV"|"System.ServiceProcess.ServiceController[]"|"False"|"True"|"True"|"SSDP Discovery"|"System.ServiceProcess.ServiceController[]"|"."|"SSDPSRV"|"System.ServiceProcess.ServiceController[]"||"Running"|"Win32OwnProcess, Win32ShareProcess"|"Manual"||
"SstpSvc"|"System.ServiceProcess.ServiceController[]"|"False"|"True"|"True"|"Secure Socket Tunneling Protocol Service"|"System.ServiceProcess.ServiceController[]"|"."|"SstpSvc"|"System.ServiceProcess.ServiceController[]"||"Running"|"Win32OwnProcess, Win32ShareProcess"|"Manual"||
"StateRepository"|"System.ServiceProcess.ServiceController[]"|"False"|"True"|"True"|"State Repository Service"|"System.ServiceProcess.ServiceController[]"|"."|"StateRepository"|"System.ServiceProcess.ServiceController[]"||"Running"|"Win32OwnProcess, Win32ShareProcess"|"Manual"||
"stisvc"|"System.ServiceProcess.ServiceController[]"|"False"|"False"|"False"|"Windows Image Acquisition (WIA)"|"System.ServiceProcess.ServiceController[]"|"."|"stisvc"|"System.ServiceProcess.ServiceController[]"||"Stopped"|"Win32OwnProcess"|"Manual"||
"StorSvc"|"System.ServiceProcess.ServiceController[]"|"False"|"False"|"True"|"Storage Service"|"System.ServiceProcess.ServiceController[]"|"."|"StorSvc"|"System.ServiceProcess.ServiceController[]"||"Running"|"Win32OwnProcess, Win32ShareProcess"|"Manual"||
"svsvc"|"System.ServiceProcess.ServiceController[]"|"False"|"False"|"False"|"Spot Verifier"|"System.ServiceProcess.ServiceController[]"|"."|"svsvc"|"System.ServiceProcess.ServiceController[]"||"Stopped"|"Win32ShareProcess"|"Manual"||
"swprv"|"System.ServiceProcess.ServiceController[]"|"False"|"False"|"False"|"Microsoft Software Shadow Copy Provider"|"System.ServiceProcess.ServiceController[]"|"."|"swprv"|"System.ServiceProcess.ServiceController[]"||"Stopped"|"Win32OwnProcess"|"Manual"||
"SysMain"|"System.ServiceProcess.ServiceController[]"|"False"|"True"|"True"|"Superfetch"|"System.ServiceProcess.ServiceController[]"|"."|"SysMain"|"System.ServiceProcess.ServiceController[]"||"Running"|"Win32OwnProcess, Win32ShareProcess"|"Automatic"||
"SystemEventsBroker"|"System.ServiceProcess.ServiceController[]"|"False"|"False"|"True"|"System Events Broker"||"."|"SystemEventsBroker"|"System.ServiceProcess.ServiceController[]"||"Running"|"Win32ShareProcess"|"Automatic"||
"TabletInputService"|"System.ServiceProcess.ServiceController[]"|"False"|"False"|"True"|"Touch Keyboard and Handwriting Panel Service"|"System.ServiceProcess.ServiceController[]"|"."|"TabletInputService"|"System.ServiceProcess.ServiceController[]"||"Running"|"Win32OwnProcess, Win32ShareProcess"|"Manual"||
"TapiSrv"|"System.ServiceProcess.ServiceController[]"|"False"|"False"|"False"|"Telephony"|"System.ServiceProcess.ServiceController[]"|"."|"TapiSrv"|"System.ServiceProcess.ServiceController[]"||"Stopped"|"Win32ShareProcess"|"Manual"||
"TermService"|"System.ServiceProcess.ServiceController[]"|"False"|"False"|"False"|"Remote Desktop Services"|"System.ServiceProcess.ServiceController[]"|"."|"TermService"|"System.ServiceProcess.ServiceController[]"||"Stopped"|"Win32ShareProcess"|"Manual"||
"Themes"|"System.ServiceProcess.ServiceController[]"|"False"|"False"|"True"|"Themes"|"System.ServiceProcess.ServiceController[]"|"."|"Themes"|"System.ServiceProcess.ServiceController[]"||"Running"|"Win32OwnProcess, Win32ShareProcess"|"Automatic"||
"TieringEngineService"|"System.ServiceProcess.ServiceController[]"|"False"|"False"|"False"|"Storage Tiers Management"|"System.ServiceProcess.ServiceController[]"|"."|"TieringEngineService"|"System.ServiceProcess.ServiceController[]"||"Stopped"|"Win32OwnProcess"|"Manual"||
"tiledatamodelsvc"|"System.ServiceProcess.ServiceController[]"|"False"|"False"|"False"|"Tile Data model server"|"System.ServiceProcess.ServiceController[]"|"."|"tiledatamodelsvc"|"System.ServiceProcess.ServiceController[]"||"Stopped"|"Win32OwnProcess, Win32ShareProcess"|"Manual"||
"TimeBrokerSvc"|"System.ServiceProcess.ServiceController[]"|"False"|"False"|"True"|"Time Broker"||"."|"TimeBrokerSvc"|"System.ServiceProcess.ServiceController[]"||"Running"|"Win32OwnProcess, Win32ShareProcess"|"Manual"||
"TokenBroker"|"System.ServiceProcess.ServiceController[]"|"False"|"False"|"True"|"Web Account Manager"|"System.ServiceProcess.ServiceController[]"|"."|"TokenBroker"|"System.ServiceProcess.ServiceController[]"||"Running"|"Win32OwnProcess, Win32ShareProcess"|"Manual"||
"TPHKLOAD"|"System.ServiceProcess.ServiceController[]"|"False"|"False"|"True"|"Lenovo Hotkey Client Loader"|"System.ServiceProcess.ServiceController[]"|"."|"TPHKLOAD"|"System.ServiceProcess.ServiceController[]"||"Running"|"Win32OwnProcess"|"Automatic"||
"TrkWks"|"System.ServiceProcess.ServiceController[]"|"False"|"True"|"True"|"Distributed Link Tracking Client"|"System.ServiceProcess.ServiceController[]"|"."|"TrkWks"|"System.ServiceProcess.ServiceController[]"||"Running"|"Win32OwnProcess, Win32ShareProcess"|"Automatic"||
"TrustedInstaller"|"System.ServiceProcess.ServiceController[]"|"False"|"False"|"False"|"Windows Modules Installer"|"System.ServiceProcess.ServiceController[]"|"."|"TrustedInstaller"|"System.ServiceProcess.ServiceController[]"||"Stopped"|"Win32OwnProcess"|"Manual"||
"tzautoupdate"|"System.ServiceProcess.ServiceController[]"|"False"|"False"|"False"|"Auto Time Zone Updater"|"System.ServiceProcess.ServiceController[]"|"."|"tzautoupdate"|"System.ServiceProcess.ServiceController[]"||"Stopped"|"Win32ShareProcess"|"Disabled"||
"UevAgentService"|"System.ServiceProcess.ServiceController[]"|"False"|"False"|"False"|"User Experience Virtualization Service"|"System.ServiceProcess.ServiceController[]"|"."|"UevAgentService"|"System.ServiceProcess.ServiceController[]"||"Stopped"|"Win32OwnProcess"|"Disabled"||
"UI0Detect"|"System.ServiceProcess.ServiceController[]"|"False"|"False"|"False"|"Interactive Services Detection"|"System.ServiceProcess.ServiceController[]"|"."|"UI0Detect"|"System.ServiceProcess.ServiceController[]"||"Stopped"|"Win32OwnProcess, InteractiveProcess"|"Manual"||
"UmRdpService"|"System.ServiceProcess.ServiceController[]"|"False"|"False"|"False"|"Remote Desktop Services UserMode Port Redirector"|"System.ServiceProcess.ServiceController[]"|"."|"UmRdpService"|"System.ServiceProcess.ServiceController[]"||"Stopped"|"Win32ShareProcess"|"Manual"||
"UnistoreSvc_1dde2e"|"System.ServiceProcess.ServiceController[]"|"False"|"False"|"False"|"User Data Storage_1dde2e"|"System.ServiceProcess.ServiceController[]"|"."|"UnistoreSvc_1dde2e"|"System.ServiceProcess.ServiceController[]"||"Stopped"|"224"|"Manual"||
"upnphost"|"System.ServiceProcess.ServiceController[]"|"False"|"False"|"False"|"UPnP Device Host"|"System.ServiceProcess.ServiceController[]"|"."|"upnphost"|"System.ServiceProcess.ServiceController[]"||"Stopped"|"Win32ShareProcess"|"Manual"||
"UserDataSvc_1dde2e"|"System.ServiceProcess.ServiceController[]"|"False"|"False"|"False"|"User Data Access_1dde2e"|"System.ServiceProcess.ServiceController[]"|"."|"UserDataSvc_1dde2e"|"System.ServiceProcess.ServiceController[]"||"Stopped"|"224"|"Manual"||
"UserManager"|"System.ServiceProcess.ServiceController[]"|"False"|"False"|"True"|"User Manager"|"System.ServiceProcess.ServiceController[]"|"."|"UserManager"|"System.ServiceProcess.ServiceController[]"||"Running"|"Win32OwnProcess, Win32ShareProcess"|"Automatic"||
"UsoSvc"|"System.ServiceProcess.ServiceController[]"|"False"|"False"|"False"|"Update Orchestrator Service"|"System.ServiceProcess.ServiceController[]"|"."|"UsoSvc"|"System.ServiceProcess.ServiceController[]"||"Stopped"|"Win32ShareProcess"|"Manual"||
"VaultSvc"|"System.ServiceProcess.ServiceController[]"|"False"|"True"|"True"|"Credential Manager"|"System.ServiceProcess.ServiceController[]"|"."|"VaultSvc"|"System.ServiceProcess.ServiceController[]"||"Running"|"Win32ShareProcess"|"Manual"||
"vds"|"System.ServiceProcess.ServiceController[]"|"False"|"False"|"False"|"Virtual Disk"|"System.ServiceProcess.ServiceController[]"|"."|"vds"|"System.ServiceProcess.ServiceController[]"||"Stopped"|"Win32OwnProcess"|"Manual"||
"vmicguestinterface"|"System.ServiceProcess.ServiceController[]"|"False"|"False"|"False"|"Hyper-V Guest Service Interface"|"System.ServiceProcess.ServiceController[]"|"."|"vmicguestinterface"|"System.ServiceProcess.ServiceController[]"||"Stopped"|"Win32ShareProcess"|"Manual"||
"vmicheartbeat"|"System.ServiceProcess.ServiceController[]"|"False"|"False"|"False"|"Hyper-V Heartbeat Service"|"System.ServiceProcess.ServiceController[]"|"."|"vmicheartbeat"|"System.ServiceProcess.ServiceController[]"||"Stopped"|"Win32ShareProcess"|"Manual"||
"vmickvpexchange"|"System.ServiceProcess.ServiceController[]"|"False"|"False"|"False"|"Hyper-V Data Exchange Service"|"System.ServiceProcess.ServiceController[]"|"."|"vmickvpexchange"|"System.ServiceProcess.ServiceController[]"||"Stopped"|"Win32ShareProcess"|"Manual"||
"vmicrdv"|"System.ServiceProcess.ServiceController[]"|"False"|"False"|"False"|"Hyper-V Remote Desktop Virtualization Service"|"System.ServiceProcess.ServiceController[]"|"."|"vmicrdv"|"System.ServiceProcess.ServiceController[]"||"Stopped"|"Win32ShareProcess"|"Manual"||
"vmicshutdown"|"System.ServiceProcess.ServiceController[]"|"False"|"False"|"False"|"Hyper-V Guest Shutdown Service"|"System.ServiceProcess.ServiceController[]"|"."|"vmicshutdown"|"System.ServiceProcess.ServiceController[]"||"Stopped"|"Win32ShareProcess"|"Manual"||
"vmictimesync"|"System.ServiceProcess.ServiceController[]"|"False"|"False"|"False"|"Hyper-V Time Synchronization Service"|"System.ServiceProcess.ServiceController[]"|"."|"vmictimesync"|"System.ServiceProcess.ServiceController[]"||"Stopped"|"Win32ShareProcess"|"Manual"||
"vmicvmsession"|"System.ServiceProcess.ServiceController[]"|"False"|"False"|"False"|"Hyper-V PowerShell Direct Service"|"System.ServiceProcess.ServiceController[]"|"."|"vmicvmsession"|"System.ServiceProcess.ServiceController[]"||"Stopped"|"Win32ShareProcess"|"Manual"||
"vmicvss"|"System.ServiceProcess.ServiceController[]"|"False"|"False"|"False"|"Hyper-V Volume Shadow Copy Requestor"|"System.ServiceProcess.ServiceController[]"|"."|"vmicvss"|"System.ServiceProcess.ServiceController[]"||"Stopped"|"Win32ShareProcess"|"Manual"||
"vpnagent"|"System.ServiceProcess.ServiceController[]"|"True"|"True"|"True"|"Cisco AnyConnect Secure Mobility Agent"|"System.ServiceProcess.ServiceController[]"|"."|"vpnagent"|"System.ServiceProcess.ServiceController[]"||"Running"|"Win32OwnProcess"|"Automatic"||
"VSS"|"System.ServiceProcess.ServiceController[]"|"False"|"False"|"False"|"Volume Shadow Copy"|"System.ServiceProcess.ServiceController[]"|"."|"VSS"|"System.ServiceProcess.ServiceController[]"||"Stopped"|"Win32OwnProcess"|"Manual"||
"W32Time"|"System.ServiceProcess.ServiceController[]"|"False"|"True"|"True"|"Windows Time"|"System.ServiceProcess.ServiceController[]"|"."|"W32Time"|"System.ServiceProcess.ServiceController[]"||"Running"|"Win32OwnProcess, Win32ShareProcess"|"Manual"||
"w3logsvc"|"System.ServiceProcess.ServiceController[]"|"False"|"False"|"False"|"W3C Logging Service"|"System.ServiceProcess.ServiceController[]"|"."|"w3logsvc"|"System.ServiceProcess.ServiceController[]"||"Stopped"|"Win32ShareProcess"|"Manual"||
"W3SVC"|"System.ServiceProcess.ServiceController[]"|"False"|"True"|"True"|"World Wide Web Publishing Service"|"System.ServiceProcess.ServiceController[]"|"."|"W3SVC"|"System.ServiceProcess.ServiceController[]"||"Running"|"Win32ShareProcess"|"Automatic"||
"WalletService"|"System.ServiceProcess.ServiceController[]"|"False"|"False"|"False"|"WalletService"|"System.ServiceProcess.ServiceController[]"|"."|"WalletService"|"System.ServiceProcess.ServiceController[]"||"Stopped"|"Win32ShareProcess"|"Manual"||
"WarpJITSvc"|"System.ServiceProcess.ServiceController[]"|"False"|"False"|"False"|"WarpJITSvc"|"System.ServiceProcess.ServiceController[]"|"."|"WarpJITSvc"|"System.ServiceProcess.ServiceController[]"||"Stopped"|"Win32OwnProcess"|"Manual"||
"WAS"|"System.ServiceProcess.ServiceController[]"|"True"|"True"|"True"|"Windows Process Activation Service"|"System.ServiceProcess.ServiceController[]"|"."|"WAS"|"System.ServiceProcess.ServiceController[]"||"Running"|"Win32ShareProcess"|"Manual"||
"wbengine"|"System.ServiceProcess.ServiceController[]"|"False"|"False"|"False"|"Block Level Backup Engine Service"|"System.ServiceProcess.ServiceController[]"|"."|"wbengine"|"System.ServiceProcess.ServiceController[]"||"Stopped"|"Win32OwnProcess"|"Manual"||
"WbioSrvc"|"System.ServiceProcess.ServiceController[]"|"False"|"False"|"False"|"Windows Biometric Service"|"System.ServiceProcess.ServiceController[]"|"."|"WbioSrvc"|"System.ServiceProcess.ServiceController[]"||"Stopped"|"Win32ShareProcess"|"Manual"||
"Wcmsvc"|"System.ServiceProcess.ServiceController[]"|"False"|"True"|"True"|"Windows Connection Manager"|"System.ServiceProcess.ServiceController[]"|"."|"Wcmsvc"|"System.ServiceProcess.ServiceController[]"||"Running"|"Win32OwnProcess"|"Automatic"||
"wcncsvc"|"System.ServiceProcess.ServiceController[]"|"False"|"False"|"False"|"Windows Connect Now - Config Registrar"|"System.ServiceProcess.ServiceController[]"|"."|"wcncsvc"|"System.ServiceProcess.ServiceController[]"||"Stopped"|"Win32ShareProcess"|"Manual"||
"WdiServiceHost"|"System.ServiceProcess.ServiceController[]"|"False"|"True"|"True"|"Diagnostic Service Host"|"System.ServiceProcess.ServiceController[]"|"."|"WdiServiceHost"|"System.ServiceProcess.ServiceController[]"||"Running"|"Win32OwnProcess, Win32ShareProcess"|"Manual"||
"WdiSystemHost"|"System.ServiceProcess.ServiceController[]"|"False"|"False"|"False"|"Diagnostic System Host"|"System.ServiceProcess.ServiceController[]"|"."|"WdiSystemHost"|"System.ServiceProcess.ServiceController[]"||"Stopped"|"Win32OwnProcess, Win32ShareProcess"|"Manual"||
"WdNisSvc"|"System.ServiceProcess.ServiceController[]"|"False"|"False"|"False"|"Windows Defender Antivirus Network Inspection Service"|"System.ServiceProcess.ServiceController[]"|"."|"WdNisSvc"|"System.ServiceProcess.ServiceController[]"||"Stopped"|"Win32OwnProcess"|"Manual"||
"WebClient"|"System.ServiceProcess.ServiceController[]"|"False"|"False"|"False"|"WebClient"|"System.ServiceProcess.ServiceController[]"|"."|"WebClient"|"System.ServiceProcess.ServiceController[]"||"Stopped"|"Win32ShareProcess"|"Manual"||
"Wecsvc"|"System.ServiceProcess.ServiceController[]"|"False"|"False"|"False"|"Windows Event Collector"|"System.ServiceProcess.ServiceController[]"|"."|"Wecsvc"|"System.ServiceProcess.ServiceController[]"||"Stopped"|"Win32ShareProcess"|"Manual"||
"WEPHOSTSVC"|"System.ServiceProcess.ServiceController[]"|"False"|"False"|"False"|"Windows Encryption Provider Host Service"|"System.ServiceProcess.ServiceController[]"|"."|"WEPHOSTSVC"|"System.ServiceProcess.ServiceController[]"||"Stopped"|"Win32ShareProcess"|"Manual"||
"wercplsupport"|"System.ServiceProcess.ServiceController[]"|"False"|"False"|"False"|"Problem Reports and Solutions Control Panel Support"|"System.ServiceProcess.ServiceController[]"|"."|"wercplsupport"|"System.ServiceProcess.ServiceController[]"||"Stopped"|"Win32ShareProcess"|"Manual"||
"WerSvc"|"System.ServiceProcess.ServiceController[]"|"False"|"False"|"False"|"Windows Error Reporting Service"|"System.ServiceProcess.ServiceController[]"|"."|"WerSvc"|"System.ServiceProcess.ServiceController[]"||"Stopped"|"Win32OwnProcess"|"Manual"||
"WFDSConMgrSvc"|"System.ServiceProcess.ServiceController[]"|"False"|"False"|"False"|"Wi-Fi Direct Services Connection Manager Service"|"System.ServiceProcess.ServiceController[]"|"."|"WFDSConMgrSvc"|"System.ServiceProcess.ServiceController[]"||"Stopped"|"Win32ShareProcess"|"Manual"||
"WiaRpc"|"System.ServiceProcess.ServiceController[]"|"False"|"False"|"False"|"Still Image Acquisition Events"|"System.ServiceProcess.ServiceController[]"|"."|"WiaRpc"|"System.ServiceProcess.ServiceController[]"||"Stopped"|"Win32ShareProcess"|"Manual"||
"WinDefend"|"System.ServiceProcess.ServiceController[]"|"False"|"False"|"False"|"Windows Defender Antivirus Service"|"System.ServiceProcess.ServiceController[]"|"."|"WinDefend"|"System.ServiceProcess.ServiceController[]"||"Stopped"|"Win32OwnProcess"|"Manual"||
"WinHttpAutoProxySvc"|"System.ServiceProcess.ServiceController[]"|"False"|"False"|"False"|"WinHTTP Web Proxy Auto-Discovery Service"|"System.ServiceProcess.ServiceController[]"|"."|"WinHttpAutoProxySvc"|"System.ServiceProcess.ServiceController[]"||"Running"|"Win32OwnProcess, Win32ShareProcess"|"Manual"||
"Winmgmt"|"System.ServiceProcess.ServiceController[]"|"True"|"True"|"True"|"Windows Management Instrumentation"|"System.ServiceProcess.ServiceController[]"|"."|"Winmgmt"|"System.ServiceProcess.ServiceController[]"||"Running"|"Win32OwnProcess, Win32ShareProcess"|"Automatic"||
"WinRM"|"System.ServiceProcess.ServiceController[]"|"False"|"False"|"False"|"Windows Remote Management (WS-Management)"|"System.ServiceProcess.ServiceController[]"|"."|"WinRM"|"System.ServiceProcess.ServiceController[]"||"Stopped"|"Win32ShareProcess"|"Manual"||
"wisvc"|"System.ServiceProcess.ServiceController[]"|"False"|"False"|"False"|"Windows Insider Service"|"System.ServiceProcess.ServiceController[]"|"."|"wisvc"|"System.ServiceProcess.ServiceController[]"||"Stopped"|"Win32OwnProcess, Win32ShareProcess"|"Manual"||
"WlanSvc"|"System.ServiceProcess.ServiceController[]"|"False"|"True"|"True"|"WLAN AutoConfig"|"System.ServiceProcess.ServiceController[]"|"."|"WlanSvc"|"System.ServiceProcess.ServiceController[]"||"Running"|"Win32OwnProcess"|"Automatic"||
"wlidsvc"|"System.ServiceProcess.ServiceController[]"|"False"|"False"|"False"|"Microsoft Account Sign-in Assistant"|"System.ServiceProcess.ServiceController[]"|"."|"wlidsvc"|"System.ServiceProcess.ServiceController[]"||"Stopped"|"Win32OwnProcess, Win32ShareProcess"|"Manual"||
"wlpasvc"|"System.ServiceProcess.ServiceController[]"|"False"|"False"|"False"|"Local Profile Assistant Service"|"System.ServiceProcess.ServiceController[]"|"."|"wlpasvc"|"System.ServiceProcess.ServiceController[]"||"Stopped"|"Win32ShareProcess"|"Manual"||
"wmiApSrv"|"System.ServiceProcess.ServiceController[]"|"False"|"False"|"False"|"WMI Performance Adapter"|"System.ServiceProcess.ServiceController[]"|"."|"wmiApSrv"|"System.ServiceProcess.ServiceController[]"||"Stopped"|"Win32OwnProcess"|"Manual"||
"WMPNetworkSvc"|"System.ServiceProcess.ServiceController[]"|"False"|"False"|"False"|"Windows Media Player Network Sharing Service"|"System.ServiceProcess.ServiceController[]"|"."|"WMPNetworkSvc"|"System.ServiceProcess.ServiceController[]"||"Stopped"|"Win32OwnProcess"|"Manual"||
"workfolderssvc"|"System.ServiceProcess.ServiceController[]"|"False"|"False"|"False"|"Work Folders"|"System.ServiceProcess.ServiceController[]"|"."|"workfolderssvc"|"System.ServiceProcess.ServiceController[]"||"Stopped"|"Win32ShareProcess"|"Manual"||
"WPDBusEnum"|"System.ServiceProcess.ServiceController[]"|"False"|"False"|"False"|"Portable Device Enumerator Service"|"System.ServiceProcess.ServiceController[]"|"."|"WPDBusEnum"|"System.ServiceProcess.ServiceController[]"||"Stopped"|"Win32OwnProcess, Win32ShareProcess"|"Manual"||
"WpnService"|"System.ServiceProcess.ServiceController[]"|"False"|"False"|"True"|"Windows Push Notifications System Service"|"System.ServiceProcess.ServiceController[]"|"."|"WpnService"|"System.ServiceProcess.ServiceController[]"||"Running"|"Win32OwnProcess, Win32ShareProcess"|"Automatic"||
"WpnUserService_1dde2e"|"System.ServiceProcess.ServiceController[]"|"False"|"False"|"True"|"Windows Push Notifications User Service_1dde2e"|"System.ServiceProcess.ServiceController[]"|"."|"WpnUserService_1dde2e"|"System.ServiceProcess.ServiceController[]"||"Running"|"240"|"Automatic"||
"wscsvc"|"System.ServiceProcess.ServiceController[]"|"False"|"True"|"True"|"Security Center"|"System.ServiceProcess.ServiceController[]"|"."|"wscsvc"|"System.ServiceProcess.ServiceController[]"||"Running"|"Win32OwnProcess, Win32ShareProcess"|"Automatic"||
"WSearch"|"System.ServiceProcess.ServiceController[]"|"False"|"True"|"True"|"Windows Search"|"System.ServiceProcess.ServiceController[]"|"."|"WSearch"|"System.ServiceProcess.ServiceController[]"||"Running"|"Win32OwnProcess"|"Automatic"||
"wuauserv"|"System.ServiceProcess.ServiceController[]"|"False"|"False"|"False"|"Windows Update"|"System.ServiceProcess.ServiceController[]"|"."|"wuauserv"|"System.ServiceProcess.ServiceController[]"||"Stopped"|"Win32ShareProcess"|"Automatic"||
"WwanSvc"|"System.ServiceProcess.ServiceController[]"|"False"|"False"|"False"|"WWAN AutoConfig"|"System.ServiceProcess.ServiceController[]"|"."|"WwanSvc"|"System.ServiceProcess.ServiceController[]"||"Stopped"|"Win32ShareProcess"|"Manual"||
"xbgm"|"System.ServiceProcess.ServiceController[]"|"False"|"False"|"False"|"Xbox Game Monitoring"|"System.ServiceProcess.ServiceController[]"|"."|"xbgm"|"System.ServiceProcess.ServiceController[]"||"Stopped"|"Win32OwnProcess"|"Manual"||
"XblAuthManager"|"System.ServiceProcess.ServiceController[]"|"False"|"False"|"False"|"Xbox Live Auth Manager"|"System.ServiceProcess.ServiceController[]"|"."|"XblAuthManager"|"System.ServiceProcess.ServiceController[]"||"Stopped"|"Win32ShareProcess"|"Manual"||
"XblGameSave"|"System.ServiceProcess.ServiceController[]"|"False"|"False"|"False"|"Xbox Live Game Save"|"System.ServiceProcess.ServiceController[]"|"."|"XblGameSave"|"System.ServiceProcess.ServiceController[]"||"Stopped"|"Win32ShareProcess"|"Manual"||
"XboxGipSvc"|"System.ServiceProcess.ServiceController[]"|"False"|"False"|"False"|"Xbox Accessory Management Service"|"System.ServiceProcess.ServiceController[]"|"."|"XboxGipSvc"|"System.ServiceProcess.ServiceController[]"||"Stopped"|"Win32ShareProcess"|"Manual"||
"XboxNetApiSvc"|"System.ServiceProcess.ServiceController[]"|"False"|"False"|"False"|"Xbox Live Networking Service"|"System.ServiceProcess.ServiceController[]"|"."|"XboxNetApiSvc"|"System.ServiceProcess.ServiceController[]"||"Stopped"|"Win32ShareProcess"|"Manual"||
